SiteId,SiteLocation,TravelDirection,Year,Month,AvgSunday,AvgMonday,AvgTuesday,AvgWednesday,AvgThursday,AvgFriday,AvgSaturday,AvgDay,SingleUnitTruckPct,DoubleUnitTruckPct,TripleUnitTruckPct,VehicleClassificationType
S903,"On SR 090 at milepost 63.98 A: AT CABIN CREEK ROAD UXING - CABIN CREEK                     ",Eastbound,2007,1,8688,9184,7973,7445,8202,12467,8799,8965,,,,
S903,"On SR 090 at milepost 63.98 A: AT CABIN CREEK ROAD UXING - CABIN CREEK                     ",Westbound,2007,1,10283,9955,7679,7087,7562,10052,7841,8637,,,,
S903,"On SR 090 at milepost 63.98 A: AT CABIN CREEK ROAD UXING - CABIN CREEK                     ",Eastbound,2007,2,10527,10640,7912,8657,9469,15073,10517,10399,,,,
S903,"On SR 090 at milepost 63.98 A: AT CABIN CREEK ROAD UXING - CABIN CREEK                     ",Westbound,2007,2,12541,10273,7779,8129,9461,13041,9191,10059,,,,
S903,"On SR 090 at milepost 63.98 A: AT CABIN CREEK ROAD UXING - CABIN CREEK                     ",Eastbound,2007,3,13089,10713,9322,9926,10727,16855,12229,11837,,,,
S903,"On SR 090 at milepost 63.98 A: AT CABIN CREEK ROAD UXING - CABIN CREEK                     ",Westbound,2007,3,15967,10063,9068,9588,10596,14190,11344,11545,,,,
S903,"On SR 090 at milepost 63.98 A: AT CABIN CREEK ROAD UXING - CABIN CREEK                     ",Eastbound,2007,4,15169,11936,10467,11197,13123,21958,14944,14113,,,,
S903,"On SR 090 at milepost 63.98 A: AT CABIN CREEK ROAD UXING - CABIN CREEK                     ",Westbound,2007,4,21631,12081,10005,10640,12114,15956,13269,13671,,,,
S903,"On SR 090 at milepost 63.98 A: AT CABIN CREEK ROAD UXING - CABIN CREEK                     ",Eastbound,2007,5,15022,12748,11063,11528,14387,27448,18652,15835,,,,
S903,"On SR 090 at milepost 63.98 A: AT CABIN CREEK ROAD UXING - CABIN CREEK                     ",Westbound,2007,5,24473,18634,11665,10555,12384,16920,14694,15618,,,,
S903,"On SR 090 at milepost 63.98 A: AT CABIN CREEK ROAD UXING - CABIN CREEK                     ",Eastbound,2007,6,16494,13584,12476,13386,15755,25627,19009,16619,,,,
S903,"On SR 090 at milepost 63.98 A: AT CABIN CREEK ROAD UXING - CABIN CREEK                     ",Westbound,2007,6,26011,13994,12086,12570,14049,17231,15779,15960,,,,
S903,"On SR 090 at milepost 63.98 A: AT CABIN CREEK ROAD UXING - CABIN CREEK                     ",Eastbound,2007,7,19360,15575,15031,14909,18455,26946,20127,18629,,,,
S903,"On SR 090 at milepost 63.98 A: AT CABIN CREEK ROAD UXING - CABIN CREEK                     ",Westbound,2007,7,29788,16350,13779,13313,15865,19339,17921,18051,,,,
S903,"On SR 090 at milepost 63.98 A: AT CABIN CREEK ROAD UXING - CABIN CREEK                     ",Eastbound,2007,8,20474,15727,14379,15905,19276,31516,22203,19926,,,,
S903,"On SR 090 at milepost 63.98 A: AT CABIN CREEK ROAD UXING - CABIN CREEK                     ",Westbound,2007,8,31818,16632,13664,14124,15674,19186,19409,18644,,,,
S903,"On SR 090 at milepost 63.98 A: AT CABIN CREEK ROAD UXING - CABIN CREEK                     ",Eastbound,2007,9,18078,14409,12826,12546,14186,23145,19808,16428,,,,
S903,"On SR 090 at milepost 63.98 A: AT CABIN CREEK ROAD UXING - CABIN CREEK                     ",Westbound,2007,9,24616,18858,13091,11992,13202,18347,16573,16668,,,,
S903,"On SR 090 at milepost 63.98 A: AT CABIN CREEK ROAD UXING - CABIN CREEK                     ",Eastbound,2007,10,15651,12367,10637,11011,13570,23694,15289,14603,,,,
S903,"On SR 090 at milepost 63.98 A: AT CABIN CREEK ROAD UXING - CABIN CREEK                     ",Westbound,2007,10,23061,12552,10584,10575,12368,16530,14216,14269,,,,
S903,"On SR 090 at milepost 63.98 A: AT CABIN CREEK ROAD UXING - CABIN CREEK                     ",Eastbound,2007,11,14584,11176,10182,13392,11352,16682,13160,12933,,,,
S903,"On SR 090 at milepost 63.98 A: AT CABIN CREEK ROAD UXING - CABIN CREEK                     ",Westbound,2007,11,18632,11420,9829,11728,10439,14115,14027,12884,,,,
S903,"On SR 090 at milepost 63.98 A: AT CABIN CREEK ROAD UXING - CABIN CREEK                     ",Eastbound,2007,12,8625,8687,8659,10564,10698,14306,9741,10183,,,,
S903,"On SR 090 at milepost 63.98 A: AT CABIN CREEK ROAD UXING - CABIN CREEK                     ",Westbound,2007,12,9933,8651,8674,10761,10541,11746,9108,9916,,,,
S903,"On SR 090 at milepost 63.98 A: AT CABIN CREEK ROAD UXING - CABIN CREEK                     ",Eastbound,2008,1,8620,8361,6237,6969,6555,12895,8190,8261,,,,
S903,"On SR 090 at milepost 63.98 A: AT CABIN CREEK ROAD UXING - CABIN CREEK                     ",Eastbound,2008,2,7939,9377,7560,7657,8552,9691,6443,8174,,,,
S903,"On SR 090 at milepost 63.98 A: AT CABIN CREEK ROAD UXING - CABIN CREEK                     ",Westbound,2008,2,9383,9347,7193,7461,8347,8188,5664,7940,,,,
S903,"On SR 090 at milepost 63.98 A: AT CABIN CREEK ROAD UXING - CABIN CREEK                     ",Westbound,2008,3,16075,10163,8773,9115,10658,14061,10502,11335,,,,
S903,"On SR 090 at milepost 63.98 A: AT CABIN CREEK ROAD UXING - CABIN CREEK                     ",Westbound,2008,4,19132,10825,9322,10205,11354,14679,10933,12350,,,,
S903,"On SR 090 at milepost 63.98 A: AT CABIN CREEK ROAD UXING - CABIN CREEK                     ",Westbound,2008,5,22887,18171,12303,10397,11929,15856,13510,15008,,,,
S903,"On SR 090 at milepost 63.98 A: AT CABIN CREEK ROAD UXING - CABIN CREEK                     ",Westbound,2008,6,25123,13570,10949,11135,13184,16109,14442,14930,,,,
S903,"On SR 090 at milepost 63.98 A: AT CABIN CREEK ROAD UXING - CABIN CREEK                     ",Westbound,2008,7,28854,16024,12716,13044,14897,16064,15789,16770,,,,
S903,"On SR 090 at milepost 63.98 A: AT CABIN CREEK ROAD UXING - CABIN CREEK                     ",Westbound,2008,8,29486,15785,12816,13333,14786,18598,18421,17604,,,,
S903,"On SR 090 at milepost 63.98 A: AT CABIN CREEK ROAD UXING - CABIN CREEK                     ",Westbound,2008,9,23588,16646,11667,11009,12192,16015,14304,15060,,,,
S903,"On SR 090 at milepost 63.98 A: AT CABIN CREEK ROAD UXING - CABIN CREEK                     ",Westbound,2008,10,21533,11753,10020,9972,11333,15037,13362,13287,,,,
S903,"On SR 090 at milepost 63.98 A: AT CABIN CREEK ROAD UXING - CABIN CREEK                     ",Eastbound,2008,11,14111,10030,9733,13394,10931,16517,11856,12367,,,,
S903,"On SR 090 at milepost 63.98 A: AT CABIN CREEK ROAD UXING - CABIN CREEK                     ",Westbound,2008,11,18243,9830,10107,11336,10011,13006,12866,12200,,,,
S903,"On SR 090 at milepost 63.98 A: AT CABIN CREEK ROAD UXING - CABIN CREEK                     ",Eastbound,2008,12,6969,8700,9632,7710,7150,11379,8002,8506,,,,
S903,"On SR 090 at milepost 63.98 A: AT CABIN CREEK ROAD UXING - CABIN CREEK                     ",Westbound,2008,12,9058,8261,8693,6896,7018,10108,8202,8319,,,,
S903,"On SR 090 at milepost 63.98 A: AT CABIN CREEK ROAD UXING - CABIN CREEK                     ",Eastbound,2009,3,12171,9659,8477,8787,10333,16249,10218,10842,,,,
S903,"On SR 090 at milepost 63.98 A: AT CABIN CREEK ROAD UXING - CABIN CREEK                     ",Westbound,2009,3,14145,9156,8022,8554,10119,14623,10280,10700,,,,
S903,"On SR 090 at milepost 63.98 A: AT CABIN CREEK ROAD UXING - CABIN CREEK                     ",Eastbound,2009,4,15021,11136,9575,10014,12038,20649,13681,13159,,,,
S903,"On SR 090 at milepost 63.98 A: AT CABIN CREEK ROAD UXING - CABIN CREEK                     ",Westbound,2009,4,19794,10925,9239,9690,11254,15173,12683,12680,,,,
S903,"On SR 090 at milepost 63.98 A: AT CABIN CREEK ROAD UXING - CABIN CREEK                     ",Westbound,2009,5,24034,18759,12322,10522,12524,16557,14529,15607,,,,
S903,"On SR 090 at milepost 63.98 A: AT CABIN CREEK ROAD UXING - CABIN CREEK                     ",Westbound,2009,6,28141,14164,11866,12142,14019,17693,16338,16338,,,,
S903,"On SR 090 at milepost 63.98 A: AT CABIN CREEK ROAD UXING - CABIN CREEK                     ",Westbound,2009,7,31768,17691,13404,13821,16065,19279,16564,18370,,,,
S903,"On SR 090 at milepost 63.98 A: AT CABIN CREEK ROAD UXING - CABIN CREEK                     ",Eastbound,2009,8,20570,15948,14168,14969,17555,26988,20765,18709,,,,
S903,"On SR 090 at milepost 63.98 A: AT CABIN CREEK ROAD UXING - CABIN CREEK                     ",Westbound,2009,8,29847,16560,13429,14291,15886,19213,18425,18236,,,,
S903,"On SR 090 at milepost 63.98 A: AT CABIN CREEK ROAD UXING - CABIN CREEK                     ",Eastbound,2009,9,17676,13748,11948,11939,15255,25451,18027,16292,,,,
S903,"On SR 090 at milepost 63.98 A: AT CABIN CREEK ROAD UXING - CABIN CREEK                     ",Westbound,2009,9,23166,17672,12083,11356,13521,17265,15936,15857,,,,
S903,"On SR 090 at milepost 63.98 A: AT CABIN CREEK ROAD UXING - CABIN CREEK                     ",Eastbound,2009,10,15632,11607,9849,10512,12697,21745,14500,13792,,,,
S903,"On SR 090 at milepost 63.98 A: AT CABIN CREEK ROAD UXING - CABIN CREEK                     ",Westbound,2009,10,21242,12023,9795,10121,11659,15799,13836,13496,,,,
S903,"On SR 090 at milepost 63.98 A: AT CABIN CREEK ROAD UXING - CABIN CREEK                     ",Eastbound,2009,11,13296,9771,9547,13167,10557,14733,11064,11734,,,,
S903,"On SR 090 at milepost 63.98 A: AT CABIN CREEK ROAD UXING - CABIN CREEK                     ",Westbound,2009,11,15998,9672,9844,11883,9977,12921,11991,11755,,,,
S903,"On SR 090 at milepost 63.98 A: AT CABIN CREEK ROAD UXING - CABIN CREEK                     ",Eastbound,2010,1,10526,9108,7622,7720,8695,12104,9555,9333,,,,
S903,"On SR 090 at milepost 63.98 A: AT CABIN CREEK ROAD UXING - CABIN CREEK                     ",Westbound,2010,1,12767,9183,7198,7358,8423,10274,9510,9245,,,,
S903,"On SR 090 at milepost 63.98 A: AT CABIN CREEK ROAD UXING - CABIN CREEK                     ",Eastbound,2010,2,12327,11040,8464,8436,9904,15347,11578,11014,,,,
S903,"On SR 090 at milepost 63.98 A: AT CABIN CREEK ROAD UXING - CABIN CREEK                     ",Westbound,2010,2,13492,10817,8307,8419,9971,13963,10692,10809,,,,
S903,"On SR 090 at milepost 63.98 A: AT CABIN CREEK ROAD UXING - CABIN CREEK                     ",Eastbound,2010,3,14784,11161,9625,10185,11384,17294,12915,12478,,,,
S903,"On SR 090 at milepost 63.98 A: AT CABIN CREEK ROAD UXING - CABIN CREEK                     ",Westbound,2010,3,17382,10561,9297,9927,11090,15496,13014,12395,,,,
S903,"On SR 090 at milepost 63.98 A: AT CABIN CREEK ROAD UXING - CABIN CREEK                     ",Eastbound,2010,4,15168,11386,9719,10218,12158,19334,13041,13003,,,,
S903,"On SR 090 at milepost 63.98 A: AT CABIN CREEK ROAD UXING - CABIN CREEK                     ",Westbound,2010,4,20213,11109,9260,9799,11555,14793,12421,12736,,,,
S903,"On SR 090 at milepost 63.98 A: AT CABIN CREEK ROAD UXING - CABIN CREEK                     ",Eastbound,2010,5,15384,12600,10216,11041,14895,25816,17094,15292,,,,
S903,"On SR 090 at milepost 63.98 A: AT CABIN CREEK ROAD UXING - CABIN CREEK                     ",Westbound,2010,5,22513,16886,10057,10894,12864,16834,14049,14871,,,,
S903,"On SR 090 at milepost 63.98 A: AT CABIN CREEK ROAD UXING - CABIN CREEK                     ",Eastbound,2010,6,17184,14207,12526,13173,15682,26120,18823,16816,,,,
S903,"On SR 090 at milepost 63.98 A: AT CABIN CREEK ROAD UXING - CABIN CREEK                     ",Westbound,2010,6,27666,14690,13921,12603,14012,17863,16480,16748,,,,
S903,"On SR 090 at milepost 63.98 A: AT CABIN CREEK ROAD UXING - CABIN CREEK                     ",Eastbound,2010,7,17832,16455,13783,14573,18302,27701,21145,18542,,,,
S903,"On SR 090 at milepost 63.98 A: AT CABIN CREEK ROAD UXING - CABIN CREEK                     ",Westbound,2010,7,26948,20371,14704,14166,15605,19324,17884,18429,,,,
S903,"On SR 090 at milepost 63.98 A: AT CABIN CREEK ROAD UXING - CABIN CREEK                     ",Eastbound,2010,8,20846,15777,13658,15528,18488,27808,21461,19081,,,,
S903,"On SR 090 at milepost 63.98 A: AT CABIN CREEK ROAD UXING - CABIN CREEK                     ",Westbound,2010,8,30901,17005,13663,14534,16241,19643,19339,18761,,,,
S903,"On SR 090 at milepost 63.98 A: AT CABIN CREEK ROAD UXING - CABIN CREEK                     ",Eastbound,2010,9,17323,14151,12183,12386,14997,26285,19540,16695,,,,
S903,"On SR 090 at milepost 63.98 A: AT CABIN CREEK ROAD UXING - CABIN CREEK                     ",Westbound,2010,9,25286,18114,12571,11721,13327,17483,16335,16405,,,,
S903,"On SR 090 at milepost 63.98 A: AT CABIN CREEK ROAD UXING - CABIN CREEK                     ",Eastbound,2010,10,15162,11902,10588,11336,13306,22765,15332,14342,,,,
S903,"On SR 090 at milepost 63.98 A: AT CABIN CREEK ROAD UXING - CABIN CREEK                     ",Westbound,2010,10,22332,12362,10448,10700,12220,16527,14095,14098,,,,
S903,"On SR 090 at milepost 63.98 A: AT CABIN CREEK ROAD UXING - CABIN CREEK                     ",Eastbound,2010,11,13852,9622,8267,12222,10427,13962,10762,11302,,,,
S903,"On SR 090 at milepost 63.98 A: AT CABIN CREEK ROAD UXING - CABIN CREEK                     ",Westbound,2010,11,15820,9243,8225,11315,10135,12744,11893,11339,,,,
S903,"On SR 090 at milepost 63.98 A: AT CABIN CREEK ROAD UXING - CABIN CREEK                     ",Eastbound,2010,12,10875,10335,9046,8862,11120,12598,8386,10175,,,,
S903,"On SR 090 at milepost 63.98 A: AT CABIN CREEK ROAD UXING - CABIN CREEK                     ",Westbound,2010,12,13169,9890,9036,8619,10383,10932,8075,10015,,,,
S903,"On SR 090 at milepost 63.98 A: AT CABIN CREEK ROAD UXING - CABIN CREEK                     ",Eastbound,2011,1,10206,9323,7725,6937,8519,12965,9021,9242,,,,
S903,"On SR 090 at milepost 63.98 A: AT CABIN CREEK ROAD UXING - CABIN CREEK                     ",Westbound,2011,1,12261,9208,7516,6628,8204,10985,8667,9067,,,,
S903,"On SR 090 at milepost 63.98 A: AT CABIN CREEK ROAD UXING - CABIN CREEK                     ",Eastbound,2011,2,10512,11513,7537,7583,8822,14615,10561,10163,,,,
S903,"On SR 090 at milepost 63.98 A: AT CABIN CREEK ROAD UXING - CABIN CREEK                     ",Westbound,2011,2,11918,11103,7325,7603,9115,13183,9758,10001,,,,
S903,"On SR 090 at milepost 63.98 A: AT CABIN CREEK ROAD UXING - CABIN CREEK                     ",Eastbound,2011,3,13658,10651,8509,9100,10847,15316,11569,11379,,,,
S903,"On SR 090 at milepost 63.98 A: AT CABIN CREEK ROAD UXING - CABIN CREEK                     ",Westbound,2011,3,15677,9848,8234,9014,10566,14154,11010,11215,,,,
S903,"On SR 090 at milepost 63.98 A: AT CABIN CREEK ROAD UXING - CABIN CREEK                     ",Eastbound,2011,4,15080,11298,9617,9874,12115,20360,13278,13089,,,,
S903,"On SR 090 at milepost 63.98 A: AT CABIN CREEK ROAD UXING - CABIN CREEK                     ",Westbound,2011,4,19801,11024,9338,9670,11424,15492,12479,12747,,,,
S903,"On SR 090 at milepost 63.98 A: AT CABIN CREEK ROAD UXING - CABIN CREEK                     ",Eastbound,2011,5,14430,12368,10498,10874,14794,25602,16629,15028,,,,
S903,"On SR 090 at milepost 63.98 A: AT CABIN CREEK ROAD UXING - CABIN CREEK                     ",Westbound,2011,5,21483,16315,11698,10457,12286,16685,14489,14773,,,,
S903,"On SR 090 at milepost 63.98 A: AT CABIN CREEK ROAD UXING - CABIN CREEK                     ",Eastbound,2011,6,17137,14026,12399,12842,15973,25478,17990,16549,,,,
S903,"On SR 090 at milepost 63.98 A: AT CABIN CREEK ROAD UXING - CABIN CREEK                     ",Westbound,2011,6,27205,14444,12008,12171,13892,17619,15872,16173,,,,
S903,"On SR 090 at milepost 63.98 A: AT CABIN CREEK ROAD UXING - CABIN CREEK                     ",Eastbound,2011,7,18261,14214,14217,14405,17426,27879,21919,18332,,,,
S903,"On SR 090 at milepost 63.98 A: AT CABIN CREEK ROAD UXING - CABIN CREEK                     ",Westbound,2011,7,28363,17975,15660,13935,15309,19060,17450,18250,,,,
S903,"On SR 090 at milepost 63.98 A: AT CABIN CREEK ROAD UXING - CABIN CREEK                     ",Eastbound,2011,8,20416,16174,13810,15078,18439,28503,21205,19089,,,,
S903,"On SR 090 at milepost 63.98 A: AT CABIN CREEK ROAD UXING - CABIN CREEK                     ",Westbound,2011,8,31507,17347,13706,14183,16151,19910,18841,18806,,,,
S903,"On SR 090 at milepost 63.98 A: AT CABIN CREEK ROAD UXING - CABIN CREEK                     ",Eastbound,2011,9,16440,14508,11606,12202,15252,25522,19648,16454,,,,
S903,"On SR 090 at milepost 63.98 A: AT CABIN CREEK ROAD UXING - CABIN CREEK                     ",Westbound,2011,9,25165,18310,12616,11766,13328,17243,15798,16318,,,,
S903,"On SR 090 at milepost 63.98 A: AT CABIN CREEK ROAD UXING - CABIN CREEK                     ",Eastbound,2011,10,14977,11456,10358,10758,13026,21554,14729,13837,,,,
S903,"On SR 090 at milepost 63.98 A: AT CABIN CREEK ROAD UXING - CABIN CREEK                     ",Westbound,2011,10,21396,11682,10333,10392,12331,16256,13936,13761,,,,
S903,"On SR 090 at milepost 63.98 A: AT CABIN CREEK ROAD UXING - CABIN CREEK                     ",Eastbound,2011,11,14339,10305,9184,11564,11605,15050,10639,11812,,,,
S903,"On SR 090 at milepost 63.98 A: AT CABIN CREEK ROAD UXING - CABIN CREEK                     ",Westbound,2011,11,16987,9000,8788,10793,10576,12913,11998,11579,,,,
S903,"On SR 090 at milepost 63.98 A: AT CABIN CREEK ROAD UXING - CABIN CREEK                     ",Eastbound,2011,12,9005,11304,10116,9853,10685,13887,10007,10694,,,,
S903,"On SR 090 at milepost 63.98 A: AT CABIN CREEK ROAD UXING - CABIN CREEK                     ",Westbound,2011,12,10282,11477,9706,9972,10645,12393,9546,10574,,,,
S903,"On SR 090 at milepost 63.98 A: AT CABIN CREEK ROAD UXING - CABIN CREEK                     ",Eastbound,2012,2,10346,11447,7722,8294,9474,13150,8802,9891,4.43,15.20,5.72,Vehicle Length Classification
S903,"On SR 090 at milepost 63.98 A: AT CABIN CREEK ROAD UXING - CABIN CREEK                     ",Westbound,2012,2,11829,11473,7477,8102,9575,11836,8285,9797,,,,
S903,"On SR 090 at milepost 63.98 A: AT CABIN CREEK ROAD UXING - CABIN CREEK                     ",Eastbound,2012,3,13199,9404,7822,8234,9696,15518,11035,10701,4.87,16.17,5.51,Vehicle Length Classification
S903,"On SR 090 at milepost 63.98 A: AT CABIN CREEK ROAD UXING - CABIN CREEK                     ",Westbound,2012,3,15037,9087,7674,8256,9523,13686,10675,10563,,,,
S903,"On SR 090 at milepost 63.98 A: AT CABIN CREEK ROAD UXING - CABIN CREEK                     ",Eastbound,2012,4,14740,10882,9766,10231,12242,20452,13693,13144,5.06,13.35,4.97,Vehicle Length Classification
S903,"On SR 090 at milepost 63.98 A: AT CABIN CREEK ROAD UXING - CABIN CREEK                     ",Westbound,2012,4,20654,10995,9482,10018,11557,15350,12824,12983,,,,
S903,"On SR 090 at milepost 63.98 A: AT CABIN CREEK ROAD UXING - CABIN CREEK                     ",Eastbound,2012,5,14695,12712,10669,10922,14456,26380,16921,15251,5.85,12.51,4.65,Vehicle Length Classification
S903,"On SR 090 at milepost 63.98 A: AT CABIN CREEK ROAD UXING - CABIN CREEK                     ",Westbound,2012,5,22970,18140,11972,10552,12356,16583,13890,15209,,,,
S903,"On SR 090 at milepost 63.98 A: AT CABIN CREEK ROAD UXING - CABIN CREEK                     ",Eastbound,2012,6,16334,13280,12069,13044,15747,25985,18527,16427,5.98,11.16,4.72,Vehicle Length Classification
S903,"On SR 090 at milepost 63.98 A: AT CABIN CREEK ROAD UXING - CABIN CREEK                     ",Westbound,2012,6,26634,13764,11820,12223,13922,17103,15723,15884,,,,
S903,"On SR 090 at milepost 63.98 A: AT CABIN CREEK ROAD UXING - CABIN CREEK                     ",Eastbound,2012,7,18716,15048,14502,14253,17947,26383,19386,18034,6.24,10.66,4.05,Vehicle Length Classification
S903,"On SR 090 at milepost 63.98 A: AT CABIN CREEK ROAD UXING - CABIN CREEK                     ",Westbound,2012,7,30620,16328,14025,13217,15393,18645,17779,18001,,,,
S903,"On SR 090 at milepost 63.98 A: AT CABIN CREEK ROAD UXING - CABIN CREEK                     ",Eastbound,2012,8,19944,15926,13742,14922,18651,29153,20079,18917,6.55,10.70,4.24,Vehicle Length Classification
S903,"On SR 090 at milepost 63.98 A: AT CABIN CREEK ROAD UXING - CABIN CREEK                     ",Westbound,2012,8,29351,17614,13573,14168,15558,19072,18271,18230,,,,
S903,"On SR 090 at milepost 63.98 A: AT CABIN CREEK ROAD UXING - CABIN CREEK                     ",Eastbound,2012,9,17094,14152,12664,11813,13840,21696,17783,15577,6.39,11.93,4.66,Vehicle Length Classification
S903,"On SR 090 at milepost 63.98 A: AT CABIN CREEK ROAD UXING - CABIN CREEK                     ",Westbound,2012,9,23405,18494,12551,11492,13057,16947,15543,15927,,,,
S903,"On SR 090 at milepost 63.98 A: AT CABIN CREEK ROAD UXING - CABIN CREEK                     ",Eastbound,2012,10,14601,11679,10101,10611,12840,21622,14123,13654,6.55,15.09,6.05,Vehicle Length Classification
S903,"On SR 090 at milepost 63.98 A: AT CABIN CREEK ROAD UXING - CABIN CREEK                     ",Westbound,2012,10,20419,11708,10076,10167,11780,15904,13375,13347,,,,
S903,"On SR 090 at milepost 63.98 A: AT CABIN CREEK ROAD UXING - CABIN CREEK                     ",Eastbound,2012,11,13822,10831,9776,12888,11070,15323,11989,12243,5.06,14.04,5.96,Vehicle Length Classification
S903,"On SR 090 at milepost 63.98 A: AT CABIN CREEK ROAD UXING - CABIN CREEK                     ",Westbound,2012,11,17147,10333,9950,11132,10183,13251,13637,12233,,,,
S903,"On SR 090 at milepost 63.98 A: AT CABIN CREEK ROAD UXING - CABIN CREEK                     ",Eastbound,2012,12,10107,9120,7710,9645,10150,13402,10555,10098,4.40,14.92,5.45,Vehicle Length Classification
S903,"On SR 090 at milepost 63.98 A: AT CABIN CREEK ROAD UXING - CABIN CREEK                     ",Westbound,2012,12,11592,8901,7893,9489,9886,11714,10679,10022,,,,
S903,"On SR 090 at milepost 63.98 A: AT CABIN CREEK ROAD UXING - CABIN CREEK                     ",Eastbound,2013,1,8659,8333,7902,8344,8571,12837,9244,9127,4.75,18.20,6.78,Vehicle Length Classification
S903,"On SR 090 at milepost 63.98 A: AT CABIN CREEK ROAD UXING - CABIN CREEK                     ",Westbound,2013,1,10916,8665,8366,7822,8078,10343,8164,8908,,,,
S903,"On SR 090 at milepost 63.98 A: AT CABIN CREEK ROAD UXING - CABIN CREEK                     ",Eastbound,2013,2,10561,10371,8172,8490,9886,14509,10130,10303,4.70,16.00,6.44,Vehicle Length Classification
S903,"On SR 090 at milepost 63.98 A: AT CABIN CREEK ROAD UXING - CABIN CREEK                     ",Westbound,2013,2,12535,10243,8066,8220,9677,12463,9355,10080,,,,
S903,"On SR 090 at milepost 63.98 A: AT CABIN CREEK ROAD UXING - CABIN CREEK                     ",Eastbound,2013,3,14227,10337,9265,9262,11247,17099,12600,12005,4.75,13.55,5.15,Vehicle Length Classification
S903,"On SR 090 at milepost 63.98 A: AT CABIN CREEK ROAD UXING - CABIN CREEK                     ",Westbound,2013,3,17012,9759,8763,9086,11225,14955,12018,11831,,,,
S903,"On SR 090 at milepost 63.98 A: AT CABIN CREEK ROAD UXING - CABIN CREEK                     ",Eastbound,2013,4,14879,10614,10065,10641,12664,20951,13219,13290,5.27,13.85,5.49,Vehicle Length Classification
S903,"On SR 090 at milepost 63.98 A: AT CABIN CREEK ROAD UXING - CABIN CREEK                     ",Westbound,2013,4,21002,10633,9693,10312,11758,15401,12372,13024,,,,
S903,"On SR 090 at milepost 63.98 A: AT CABIN CREEK ROAD UXING - CABIN CREEK                     ",Eastbound,2013,5,14782,12795,11077,10980,15172,26405,17702,15559,5.89,12.30,4.52,Vehicle Length Classification
S903,"On SR 090 at milepost 63.98 A: AT CABIN CREEK ROAD UXING - CABIN CREEK                     ",Westbound,2013,5,24038,18562,12985,10522,12436,16512,14687,15677,,,,
S903,"On SR 090 at milepost 63.98 A: AT CABIN CREEK ROAD UXING - CABIN CREEK                     ",Eastbound,2013,6,17309,13826,12339,13592,16978,27042,18925,17144,5.97,10.91,4.31,Vehicle Length Classification
S903,"On SR 090 at milepost 63.98 A: AT CABIN CREEK ROAD UXING - CABIN CREEK                     ",Westbound,2013,6,27828,14238,12118,12511,13993,18389,16675,16536,,,,
S903,"On SR 090 at milepost 63.98 A: AT CABIN CREEK ROAD UXING - CABIN CREEK                     ",Eastbound,2013,7,18896,15226,13604,16592,18275,26288,19500,18340,6.33,11.00,4.07,Vehicle Length Classification
S903,"On SR 090 at milepost 63.98 A: AT CABIN CREEK ROAD UXING - CABIN CREEK                     ",Westbound,2013,7,31736,16698,13318,14010,14770,18753,18534,18260,,,,
S903,"On SR 090 at milepost 63.98 A: AT CABIN CREEK ROAD UXING - CABIN CREEK                     ",Eastbound,2013,8,20697,16228,14008,15240,19436,29440,22270,19617,6.44,10.70,3.92,Vehicle Length Classification
S903,"On SR 090 at milepost 63.98 A: AT CABIN CREEK ROAD UXING - CABIN CREEK                     ",Westbound,2013,8,30744,17976,13680,14266,16096,19787,18960,18787,,,,
S903,"On SR 090 at milepost 63.98 A: AT CABIN CREEK ROAD UXING - CABIN CREEK                     ",Eastbound,2013,9,16810,14093,12211,11985,14471,22923,17492,15712,6.04,12.42,5.02,Vehicle Length Classification
S903,"On SR 090 at milepost 63.98 A: AT CABIN CREEK ROAD UXING - CABIN CREEK                     ",Westbound,2013,9,24668,16750,12695,11574,12974,16905,15562,15875,,,,
S903,"On SR 090 at milepost 63.98 A: AT CABIN CREEK ROAD UXING - CABIN CREEK                     ",Eastbound,2013,10,15425,11996,10552,10999,12968,23433,15283,14379,6.30,14.27,5.74,Vehicle Length Classification
S903,"On SR 090 at milepost 63.98 A: AT CABIN CREEK ROAD UXING - CABIN CREEK                     ",Westbound,2013,10,23173,12119,10330,10572,11848,16243,14445,14104,,,,
S903,"On SR 090 at milepost 63.98 A: AT CABIN CREEK ROAD UXING - CABIN CREEK                     ",Eastbound,2013,11,11536,11181,9950,13060,10901,15799,12252,12097,5.21,14.08,5.81,Vehicle Length Classification
S903,"On SR 090 at milepost 63.98 A: AT CABIN CREEK ROAD UXING - CABIN CREEK                     ",Westbound,2013,11,14676,10691,10055,11746,10633,13856,13048,12101,,,,
S903,"On SR 090 at milepost 63.98 A: AT CABIN CREEK ROAD UXING - CABIN CREEK                     ",Eastbound,2013,12,12372,10848,9649,8390,11004,13493,11105,10980,4.29,13.84,5.90,Vehicle Length Classification
S903,"On SR 090 at milepost 63.98 A: AT CABIN CREEK ROAD UXING - CABIN CREEK                     ",Westbound,2013,12,14279,10302,8715,8657,11006,11699,11654,10902,,,,
S903,"On SR 090 at milepost 63.98 A: AT CABIN CREEK ROAD UXING - CABIN CREEK                     ",Eastbound,2014,1,9830,9799,7939,7687,9242,13170,9799,9638,,,,
S903,"On SR 090 at milepost 63.98 A: AT CABIN CREEK ROAD UXING - CABIN CREEK                     ",Westbound,2014,1,11518,9368,7490,7946,8913,11320,9378,9419,,,,
S903,"On SR 090 at milepost 63.98 A: AT CABIN CREEK ROAD UXING - CABIN CREEK                     ",Eastbound,2014,2,8389,8057,7256,8517,9491,14396,9299,9344,,,,
S903,"On SR 090 at milepost 63.98 A: AT CABIN CREEK ROAD UXING - CABIN CREEK                     ",Westbound,2014,2,10433,7816,7346,8080,9111,12136,8650,9082,,,,
S903,"On SR 090 at milepost 63.98 A: AT CABIN CREEK ROAD UXING - CABIN CREEK                     ",Eastbound,2014,3,15121,10709,9552,9638,11490,17139,12069,12245,,,,
S903,"On SR 090 at milepost 63.98 A: AT CABIN CREEK ROAD UXING - CABIN CREEK                     ",Westbound,2014,3,18501,10214,9149,9682,11264,15112,11504,12204,,,,
S903,"On SR 090 at milepost 63.98 A: AT CABIN CREEK ROAD UXING - CABIN CREEK                     ",Eastbound,2014,4,15985,11996,10387,10823,12703,21423,14054,13910,,,,
S903,"On SR 090 at milepost 63.98 A: AT CABIN CREEK ROAD UXING - CABIN CREEK                     ",Westbound,2014,4,21479,11326,9947,10348,12045,16126,13778,13578,,,,
S903,"On SR 090 at milepost 63.98 A: AT CABIN CREEK ROAD UXING - CABIN CREEK                     ",Eastbound,2014,5,15062,12970,11286,11611,15504,26004,17562,15714,,,,
S903,"On SR 090 at milepost 63.98 A: AT CABIN CREEK ROAD UXING - CABIN CREEK                     ",Westbound,2014,5,24432,19041,12305,11159,13073,16882,14941,15976,,,,
S903,"On SR 090 at milepost 63.98 A: AT CABIN CREEK ROAD UXING - CABIN CREEK                     ",Eastbound,2014,6,17610,14455,12886,13708,17649,28224,19642,17739,,,,
S903,"On SR 090 at milepost 63.98 A: AT CABIN CREEK ROAD UXING - CABIN CREEK                     ",Westbound,2014,6,29026,15141,12456,13119,14921,18380,17682,17246,,,,
S903,"On SR 090 at milepost 63.98 A: AT CABIN CREEK ROAD UXING - CABIN CREEK                     ",Eastbound,2014,7,20021,16402,14094,15701,21950,25383,19199,18964,,,,
S903,"On SR 090 at milepost 63.98 A: AT CABIN CREEK ROAD UXING - CABIN CREEK                     ",Westbound,2014,7,30603,17838,14152,14680,17599,18737,18668,18897,,,,
S903,"On SR 090 at milepost 63.98 A: AT CABIN CREEK ROAD UXING - CABIN CREEK                     ",Eastbound,2014,8,20193,16702,14512,15632,19610,30872,23814,20191,,,,
S903,"On SR 090 at milepost 63.98 A: AT CABIN CREEK ROAD UXING - CABIN CREEK                     ",Westbound,2014,8,30626,18789,14220,14679,16592,20343,20078,19332,,,,
S903,"On SR 090 at milepost 63.98 A: AT CABIN CREEK ROAD UXING - CABIN CREEK                     ",Eastbound,2014,9,17241,14296,12294,12193,14114,23578,18302,16003,,,,
S903,"On SR 090 at milepost 63.98 A: AT CABIN CREEK ROAD UXING - CABIN CREEK                     ",Westbound,2014,9,25493,17243,12544,11958,13547,17825,16287,16414,,,,
S903,"On SR 090 at milepost 63.98 A: AT CABIN CREEK ROAD UXING - CABIN CREEK                     ",Eastbound,2014,10,15912,12519,11020,11356,13623,22972,15861,14752,,,,
S903,"On SR 090 at milepost 63.98 A: AT CABIN CREEK ROAD UXING - CABIN CREEK                     ",Westbound,2014,10,24741,12885,10927,11005,12616,16161,14855,14741,,,,
S903,"On SR 090 at milepost 63.98 A: AT CABIN CREEK ROAD UXING - CABIN CREEK                     ",Eastbound,2014,11,13956,10903,10517,13486,11036,16162,12206,12609,,,,
S903,"On SR 090 at milepost 63.98 A: AT CABIN CREEK ROAD UXING - CABIN CREEK                     ",Westbound,2014,11,17549,10336,10710,12006,10389,13670,13315,12568,,,,
S903,"On SR 090 at milepost 63.98 A: AT CABIN CREEK ROAD UXING - CABIN CREEK                     ",Eastbound,2014,12,11249,11149,10615,10764,9520,15401,10823,11360,,,,
S903,"On SR 090 at milepost 63.98 A: AT CABIN CREEK ROAD UXING - CABIN CREEK                     ",Westbound,2014,12,13842,10617,10172,10119,9566,13476,11627,11346,,,,
S903,"On SR 090 at milepost 63.98 A: AT CABIN CREEK ROAD UXING - CABIN CREEK                     ",Eastbound,2015,1,9831,10177,8064,8534,9432,13756,10096,9984,3.02,18.79,4.68,Axle Spacing Classification
S903,"On SR 090 at milepost 63.98 A: AT CABIN CREEK ROAD UXING - CABIN CREEK                     ",Westbound,2015,1,11481,9770,8072,8384,9197,11845,10580,9904,,,,
S903,"On SR 090 at milepost 63.98 A: AT CABIN CREEK ROAD UXING - CABIN CREEK                     ",Eastbound,2015,2,11887,11931,9302,9091,10485,16470,12492,11665,2.82,13.24,7.70,Axle Spacing Classification
S903,"On SR 090 at milepost 63.98 A: AT CABIN CREEK ROAD UXING - CABIN CREEK                     ",Westbound,2015,2,13691,11488,9143,8993,10420,14449,11531,11388,,,,
S903,"On SR 090 at milepost 63.98 A: AT CABIN CREEK ROAD UXING - CABIN CREEK                     ",Eastbound,2015,3,16172,11921,10182,10665,12926,19765,14766,13771,2.57,12.07,8.64,Axle Spacing Classification
S903,"On SR 090 at milepost 63.98 A: AT CABIN CREEK ROAD UXING - CABIN CREEK                     ",Westbound,2015,3,19727,11287,9975,10322,12508,17263,14407,13641,,,,
S903,"On SR 090 at milepost 63.98 A: AT CABIN CREEK ROAD UXING - CABIN CREEK                     ",Eastbound,2015,4,16406,13003,11034,11651,14036,22970,15489,14941,2.55,10.86,8.14,Axle Spacing Classification
S903,"On SR 090 at milepost 63.98 A: AT CABIN CREEK ROAD UXING - CABIN CREEK                     ",Westbound,2015,4,23510,12748,10625,11125,12953,16949,14748,14665,,,,
S903,"On SR 090 at milepost 63.98 A: AT CABIN CREEK ROAD UXING - CABIN CREEK                     ",Eastbound,2015,5,16713,14046,11937,12288,17491,26926,18725,16875,2.57,7.89,7.23,Axle Spacing Classification
S903,"On SR 090 at milepost 63.98 A: AT CABIN CREEK ROAD UXING - CABIN CREEK                     ",Westbound,2015,5,25513,19121,13882,11777,14062,17996,16156,16930,,,,
S903,"On SR 090 at milepost 63.98 A: AT CABIN CREEK ROAD UXING - CABIN CREEK                     ",Westbound,2015,6,28091,16097,13464,13846,15647,19564,18938,17950,,,,
S903,"On SR 090 at milepost 63.98 A: AT CABIN CREEK ROAD UXING - CABIN CREEK                     ",Westbound,2015,7,31109,18721,14437,15125,17095,20589,17733,19258,,,,
S903,"On SR 090 at milepost 63.98 A: AT CABIN CREEK ROAD UXING - CABIN CREEK                     ",Westbound,2015,8,30082,18215,14497,14985,16738,20747,19610,19268,,,,
S903,"On SR 090 at milepost 63.98 A: AT CABIN CREEK ROAD UXING - CABIN CREEK                     ",Westbound,2015,9,26298,18705,12890,12343,14441,18348,17380,17201,,,,
S903,"On SR 090 at milepost 63.98 A: AT CABIN CREEK ROAD UXING - CABIN CREEK                     ",Westbound,2015,10,25551,13758,11480,11660,13133,16936,14914,15347,,,,
S903,"On SR 090 at milepost 63.98 A: AT CABIN CREEK ROAD UXING - CABIN CREEK                     ",Eastbound,2015,11,17003,12145,10922,15796,12578,17539,14845,14404,3.98,15.32,1.58,Axle Spacing Classification
S903,"On SR 090 at milepost 63.98 A: AT CABIN CREEK ROAD UXING - CABIN CREEK                     ",Westbound,2015,11,20743,11509,10864,13344,11789,15636,15875,14251,,,,
S903,"On SR 090 at milepost 63.98 A: AT CABIN CREEK ROAD UXING - CABIN CREEK                     ",Eastbound,2015,12,10351,9288,10151,9548,8022,10747,12158,10038,4.38,18.84,1.98,Axle Spacing Classification
S903,"On SR 090 at milepost 63.98 A: AT CABIN CREEK ROAD UXING - CABIN CREEK                     ",Westbound,2015,12,12736,9619,9959,9740,7989,10108,12006,10308,,,,
S903,"On SR 090 at milepost 63.98 A: AT CABIN CREEK ROAD UXING - CABIN CREEK                     ",Eastbound,2016,1,9924,9275,8131,8368,9628,14268,9916,9930,4.15,20.64,2.06,Axle Spacing Classification
S903,"On SR 090 at milepost 63.98 A: AT CABIN CREEK ROAD UXING - CABIN CREEK                     ",Westbound,2016,1,12723,10058,7589,7644,9111,10918,10152,9742,3.82,18.43,2.24,Axle Spacing Classification
S903,"On SR 090 at milepost 63.98 A: AT CABIN CREEK ROAD UXING - CABIN CREEK                     ",Eastbound,2016,2,12629,11683,9479,9455,10563,15178,12664,11664,3.77,19.10,2.01,Axle Spacing Classification
S903,"On SR 090 at milepost 63.98 A: AT CABIN CREEK ROAD UXING - CABIN CREEK                     ",Westbound,2016,2,14581,12239,9697,8896,10424,12263,11711,11402,4.49,15.95,3.31,Axle Spacing Classification
S903,"On SR 090 at milepost 63.98 A: AT CABIN CREEK ROAD UXING - CABIN CREEK                     ",Eastbound,2016,3,16333,12362,10183,10788,13276,19753,14564,13894,3.61,18.04,1.92,Axle Spacing Classification
S903,"On SR 090 at milepost 63.98 A: AT CABIN CREEK ROAD UXING - CABIN CREEK                     ",Westbound,2016,3,20082,11809,9647,10537,12361,16285,14168,13556,,,,
S903,"On SR 090 at milepost 63.98 A: AT CABIN CREEK ROAD UXING - CABIN CREEK                     ",Eastbound,2016,4,17535,13038,11594,12201,14693,24008,17204,15753,3.51,15.04,1.59,Axle Spacing Classification
S903,"On SR 090 at milepost 63.98 A: AT CABIN CREEK ROAD UXING - CABIN CREEK                     ",Westbound,2016,4,25013,13054,11171,11791,13566,17517,16026,15448,,,,
S903,"On SR 090 at milepost 63.98 A: AT CABIN CREEK ROAD UXING - CABIN CREEK                     ",Eastbound,2016,5,17585,14200,12337,12831,17580,28434,20362,17618,4.75,13.34,2.30,Axle Spacing Classification
S903,"On SR 090 at milepost 63.98 A: AT CABIN CREEK ROAD UXING - CABIN CREEK                     ",Westbound,2016,5,27026,18256,13679,12503,14343,18889,17348,17435,,,,
S903,"On SR 090 at milepost 63.98 A: AT CABIN CREEK ROAD UXING - CABIN CREEK                     ",Eastbound,2016,6,19694,16151,14346,15051,19625,28941,21034,19263,6.87,11.92,4.61,Axle Spacing Classification
S903,"On SR 090 at milepost 63.98 A: AT CABIN CREEK ROAD UXING - CABIN CREEK                     ",Westbound,2016,6,30827,17144,14209,14311,16205,19447,18714,18694,5.61,12.66,3.89,Axle Spacing Classification
S903,"On SR 090 at milepost 63.98 A: AT CABIN CREEK ROAD UXING - CABIN CREEK                     ",Eastbound,2016,7,20057,16368,16311,16487,20501,30508,23540,20539,7.12,10.17,4.11,Axle Spacing Classification
S903,"On SR 090 at milepost 63.98 A: AT CABIN CREEK ROAD UXING - CABIN CREEK                     ",Westbound,2016,7,30047,20112,17635,15871,16983,21020,19972,20234,5.79,11.10,3.02,Axle Spacing Classification
S903,"On SR 090 at milepost 63.98 A: AT CABIN CREEK ROAD UXING - CABIN CREEK                     ",Eastbound,2016,8,22214,17923,15419,16005,20731,30244,23014,20793,7.25,10.80,4.95,Vehicle Length Classification
S903,"On SR 090 at milepost 63.98 A: AT CABIN CREEK ROAD UXING - CABIN CREEK                     ",Westbound,2016,8,32331,20450,15279,14874,18198,21121,20431,20383,6.04,11.49,3.96,Vehicle Length Classification
S903,"On SR 090 at milepost 63.98 A: AT CABIN CREEK ROAD UXING - CABIN CREEK                     ",Eastbound,2016,9,18537,15900,13765,13630,17411,28118,21822,18455,7.60,11.75,5.01,Vehicle Length Classification
S903,"On SR 090 at milepost 63.98 A: AT CABIN CREEK ROAD UXING - CABIN CREEK                     ",Westbound,2016,9,27488,20014,14064,12886,14993,19053,18366,18123,5.90,12.52,3.76,Vehicle Length Classification
S903,"On SR 090 at milepost 63.98 A: AT CABIN CREEK ROAD UXING - CABIN CREEK                     ",Eastbound,2016,10,16080,13033,12015,12430,14924,23949,16401,15547,7.23,12.74,5.98,Vehicle Length Classification
S903,"On SR 090 at milepost 63.98 A: AT CABIN CREEK ROAD UXING - CABIN CREEK                     ",Westbound,2016,10,24288,13485,11826,12122,13536,17048,14877,15312,5.40,13.42,4.57,Vehicle Length Classification
S903,"On SR 090 at milepost 63.98 A: AT CABIN CREEK ROAD UXING - CABIN CREEK                     ",Eastbound,2016,11,16343,12231,11861,14239,14179,19584,14584,14717,6.26,12.74,6.23,Vehicle Length Classification
S903,"On SR 090 at milepost 63.98 A: AT CABIN CREEK ROAD UXING - CABIN CREEK                     ",Westbound,2016,11,21269,12189,11593,12317,12245,16011,16706,14619,4.38,13.43,4.76,Vehicle Length Classification
S903,"On SR 090 at milepost 63.98 A: AT CABIN CREEK ROAD UXING - CABIN CREEK                     ",Eastbound,2016,12,9417,11628,9754,11496,11660,14878,11022,11408,5.71,14.29,6.40,Vehicle Length Classification
S903,"On SR 090 at milepost 63.98 A: AT CABIN CREEK ROAD UXING - CABIN CREEK                     ",Westbound,2016,12,11388,11480,9460,11929,11306,12570,10717,11264,3.52,15.35,4.59,Vehicle Length Classification
S903,"On SR 090 at milepost 63.98 A: AT CABIN CREEK ROAD UXING - CABIN CREEK                     ",Eastbound,2017,1,9138,9996,8716,8523,9934,14761,9520,10084,5.55,17.81,7.13,Vehicle Length Classification
S903,"On SR 090 at milepost 63.98 A: AT CABIN CREEK ROAD UXING - CABIN CREEK                     ",Westbound,2017,1,11517,11522,8178,8159,9256,11202,8696,9790,3.85,17.78,5.73,Vehicle Length Classification
S903,"On SR 090 at milepost 63.98 A: AT CABIN CREEK ROAD UXING - CABIN CREEK                     ",Eastbound,2017,2,9787,8911,9426,8281,8286,15227,10114,10005,5.84,17.27,6.75,Vehicle Length Classification
S903,"On SR 090 at milepost 63.98 A: AT CABIN CREEK ROAD UXING - CABIN CREEK                     ",Westbound,2017,2,11830,8820,9080,8162,8192,12276,9302,9666,3.87,17.32,5.87,Vehicle Length Classification
S903,"On SR 090 at milepost 63.98 A: AT CABIN CREEK ROAD UXING - CABIN CREEK                     ",Eastbound,2017,3,16077,11624,9260,10372,12348,19077,12838,13085,6.07,16.22,6.37,Vehicle Length Classification
S903,"On SR 090 at milepost 63.98 A: AT CABIN CREEK ROAD UXING - CABIN CREEK                     ",Westbound,2017,3,18724,11069,9135,9961,10972,16085,12996,12706,4.27,16.48,5.29,Vehicle Length Classification
S903,"On SR 090 at milepost 63.98 A: AT CABIN CREEK ROAD UXING - CABIN CREEK                     ",Eastbound,2017,4,17964,13813,11996,12422,15005,24002,16929,16019,6.25,12.65,5.14,Vehicle Length Classification
S903,"On SR 090 at milepost 63.98 A: AT CABIN CREEK ROAD UXING - CABIN CREEK                     ",Westbound,2017,4,24628,13518,11482,12017,13816,18013,15936,15630,4.79,13.34,4.16,Vehicle Length Classification
S903,"On SR 090 at milepost 63.98 A: AT CABIN CREEK ROAD UXING - CABIN CREEK                     ",Eastbound,2017,5,17593,14641,12597,13188,17859,29260,20856,17999,6.87,12.76,4.92,Vehicle Length Classification
S903,"On SR 090 at milepost 63.98 A: AT CABIN CREEK ROAD UXING - CABIN CREEK                     ",Westbound,2017,5,27694,18873,13428,12680,14760,18950,17563,17707,5.37,13.32,4.04,Vehicle Length Classification
S903,"On SR 090 at milepost 63.98 A: AT CABIN CREEK ROAD UXING - CABIN CREEK                     ",Eastbound,2017,6,19055,16333,14462,15453,19263,29905,21822,19470,7.23,11.70,4.55,Vehicle Length Classification
S903,"On SR 090 at milepost 63.98 A: AT CABIN CREEK ROAD UXING - CABIN CREEK                     ",Westbound,2017,6,31729,17235,14296,14734,15971,19521,18709,18885,5.65,12.52,3.90,Vehicle Length Classification
S903,"On SR 090 at milepost 63.98 A: AT CABIN CREEK ROAD UXING - CABIN CREEK                     ",Eastbound,2017,7,21516,17733,14798,17451,21251,30097,24528,21053,7.11,10.78,4.20,Vehicle Length Classification
S903,"On SR 090 at milepost 63.98 A: AT CABIN CREEK ROAD UXING - CABIN CREEK                     ",Westbound,2017,7,30529,21126,16566,17558,17758,21012,21219,20824,5.82,11.24,3.24,Vehicle Length Classification
S903,"On SR 090 at milepost 63.98 A: AT CABIN CREEK ROAD UXING - CABIN CREEK                     ",Eastbound,2017,8,24277,17777,15730,16911,21462,30923,25320,21771,7.17,11.42,4.28,Vehicle Length Classification
S903,"On SR 090 at milepost 63.98 A: AT CABIN CREEK ROAD UXING - CABIN CREEK                     ",Westbound,2017,8,31652,21167,17132,16352,17557,21633,20922,20916,5.99,12.06,3.62,Vehicle Length Classification
S903,"On SR 090 at milepost 63.98 A: AT CABIN CREEK ROAD UXING - CABIN CREEK                     ",Eastbound,2017,9,19188,15822,13888,13781,16364,27613,20501,18165,7.54,12.15,5.19,Vehicle Length Classification
S903,"On SR 090 at milepost 63.98 A: AT CABIN CREEK ROAD UXING - CABIN CREEK                     ",Westbound,2017,9,26051,19605,14533,13181,14579,19225,18208,17912,5.87,12.50,4.08,Vehicle Length Classification
S903,"On SR 090 at milepost 63.98 A: AT CABIN CREEK ROAD UXING - CABIN CREEK                     ",Eastbound,2017,10,17464,14164,12113,12819,15506,24980,17358,16343,7.68,13.16,5.91,Vehicle Length Classification
S903,"On SR 090 at milepost 63.98 A: AT CABIN CREEK ROAD UXING - CABIN CREEK                     ",Westbound,2017,10,25660,14425,11979,12376,14040,18038,15778,16042,5.58,13.26,4.79,Vehicle Length Classification
S903,"On SR 090 at milepost 63.98 A: AT CABIN CREEK ROAD UXING - CABIN CREEK                     ",Eastbound,2017,11,16416,12195,11352,13630,12543,18482,13687,14044,6.72,14.10,6.19,Vehicle Length Classification
S903,"On SR 090 at milepost 63.98 A: AT CABIN CREEK ROAD UXING - CABIN CREEK                     ",Westbound,2017,11,18947,12312,11251,12566,11698,15260,15348,13912,4.45,14.44,5.06,Vehicle Length Classification
S903,"On SR 090 at milepost 63.98 A: AT CABIN CREEK ROAD UXING - CABIN CREEK                     ",Eastbound,2017,12,10827,10652,11301,11792,12346,15561,13864,12335,5.97,13.67,6.05,Vehicle Length Classification
S903,"On SR 090 at milepost 63.98 A: AT CABIN CREEK ROAD UXING - CABIN CREEK                     ",Westbound,2017,12,13079,10305,11623,11497,11887,13196,13340,12132,3.60,14.00,4.61,Vehicle Length Classification
S903,"On SR 090 at milepost 63.98 A: AT CABIN CREEK ROAD UXING - CABIN CREEK                     ",Eastbound,2018,1,10088,10734,9253,9129,8639,14291,10339,10353,5.81,15.59,6.61,Vehicle Length Classification
S903,"On SR 090 at milepost 63.98 A: AT CABIN CREEK ROAD UXING - CABIN CREEK                     ",Westbound,2018,1,12952,12493,9077,8662,8455,10458,8945,10149,4.04,17.88,5.60,Vehicle Length Classification
S903,"On SR 090 at milepost 63.98 A: AT CABIN CREEK ROAD UXING - CABIN CREEK                     ",Eastbound,2018,2,10460,11708,9741,9498,11287,16260,10286,11320,,,,
S903,"On SR 090 at milepost 63.98 A: AT CABIN CREEK ROAD UXING - CABIN CREEK                     ",Westbound,2018,2,12858,11876,9631,9434,10919,13582,9421,11103,4.00,17.16,5.51,Vehicle Length Classification
S903,"On SR 090 at milepost 63.98 A: AT CABIN CREEK ROAD UXING - CABIN CREEK                     ",Eastbound,2018,3,14742,12539,11012,11357,13541,20409,14788,14055,,,,
S903,"On SR 090 at milepost 63.98 A: AT CABIN CREEK ROAD UXING - CABIN CREEK                     ",Westbound,2018,3,17997,12013,10692,11318,12700,17079,14235,13719,4.26,14.87,5.01,Vehicle Length Classification
S903,"On SR 090 at milepost 63.98 A: AT CABIN CREEK ROAD UXING - CABIN CREEK                     ",Eastbound,2018,4,17202,13274,11857,12070,15283,24157,16626,15781,6.71,13.16,5.20,Vehicle Length Classification
S903,"On SR 090 at milepost 63.98 A: AT CABIN CREEK ROAD UXING - CABIN CREEK                     ",Westbound,2018,4,24491,13237,11484,11957,13669,17331,16030,15457,4.74,13.07,4.31,Vehicle Length Classification
S903,"On SR 090 at milepost 63.98 A: AT CABIN CREEK ROAD UXING - CABIN CREEK                     ",Eastbound,2018,5,18172,15394,13003,13855,18274,30336,21113,18592,3.81,13.86,2.60,Axle Spacing Classification
S903,"On SR 090 at milepost 63.98 A: AT CABIN CREEK ROAD UXING - CABIN CREEK                     ",Westbound,2018,5,28292,20990,14405,13306,15112,19499,18199,18543,3.95,14.18,1.86,Axle Spacing Classification
S903,"On SR 090 at milepost 63.98 A: AT CABIN CREEK ROAD UXING - CABIN CREEK                     ",Eastbound,2018,6,18942,16601,14807,15598,19653,26918,21057,19082,3.89,12.90,2.78,Axle Spacing Classification
S903,"On SR 090 at milepost 63.98 A: AT CABIN CREEK ROAD UXING - CABIN CREEK                     ",Westbound,2018,6,30554,17848,14737,15164,17154,20288,20489,19462,4.05,13.40,1.73,Axle Spacing Classification
S903,"On SR 090 at milepost 63.98 A: AT CABIN CREEK ROAD UXING - CABIN CREEK                     ",Eastbound,2018,7,19982,17352,16033,15887,19537,26299,20854,19421,,,,
S903,"On SR 090 at milepost 63.98 A: AT CABIN CREEK ROAD UXING - CABIN CREEK                     ",Westbound,2018,7,30119,20782,16189,15764,18152,22240,20684,20561,6.19,11.92,3.67,Vehicle Length Classification
S903,"On SR 090 at milepost 63.98 A: AT CABIN CREEK ROAD UXING - CABIN CREEK                     ",Eastbound,2018,8,22007,17449,15428,16512,21325,29488,21998,20601,4.16,12.23,3.23,Axle Spacing Classification
S903,"On SR 090 at milepost 63.98 A: AT CABIN CREEK ROAD UXING - CABIN CREEK                     ",Westbound,2018,8,31096,21211,15535,16081,17950,21574,21318,20681,4.44,13.16,1.74,Axle Spacing Classification
